ISEidfPITCH,ISEtrkPITCH,IAEidfPITCH,IAEtrkPITCH,IATEidfPITCH,IATEtrkPITCH,ISEidfYAW,ISEtrkYAW,IAEidfYAW,IAEtrkYAW,IATEidfYAW,IATEtrkYAW
13767.6306918245,250.425406467084,786.197115761404,55.2415513403554,4011062.75040999,256534.361048286,29523.7554541706,24.0484535169895,1176.10272834828,20.4608580894938,7481218.34268836,98751.8590896465
