R2trkPITCH,R2idfPITCH,R2trkYAW,R2idfYAW
0.984436837754632,0.246648698993831,0.912311362885385,0.828894512600605
0.689594858310644,4.74510883095103,0.740306681022361,1.06742436596191
