R2trkPITCH,R2idfPITCH,R2trkYAW,R2idfYAW
0.990002838582853,0.892200182559294,0.977325669181434,0.922229753215764
0.660871386437325,2.16428420024491,0.799457753698295,1.4933164468896
