R2trkPITCH,R2idfPITCH,R2trkYAW,R2idfYAW
0.988629636448284,0.979369416135984,0.999295209525025,0.98579143637909
3.25680189991565,4.54165993980469,0.91771553098327,4.14447229268408
