R2trkPITCH,R2idfPITCH,R2trkYAW,R2idfYAW
0.988636865185889,0.976690786657574,0.999295222532446,0.980625316504109
3.25576647526726,4.82747217495895,0.917707062390443,4.83961857400797
