R2trkPITCH,R2idfPITCH,R2trkYAW,R2idfYAW
0.988646866652685,0.975801403165842,0.999218236119902,0.815030352351701
3.25433334923771,4.91843048019047,0.89867855219634,13.9161514540195
