R2trkPITCH,R2idfPITCH,R2trkYAW,R2idfYAW
0.984436762234213,0.964959302272715,0.91231170011394,0.840925975956014
0.689596531441978,1.02337170938965,0.740305257503873,1.02921275014702
