R2trkPITCH,R2idfPITCH,R2trkYAW,R2idfYAW
0.987178275303962,0.97350508524517,0.997505343310437,0.982400945864504
2.47655800593696,3.67162180121076,0.80265397625743,2.14717460035523
