R2trkPITCH,R2idfPITCH,R2trkYAW,R2idfYAW
0.990002838338121,0.878846016633246,0.977325668439387,0.855922597566677
0.660871394526467,2.29442636072455,0.79945776677995,2.03255845871445
