R2trkPITCH,R2idfPITCH,R2trkYAW,R2idfYAW
0.984436731830136,0.934817446351841,0.912311782926733,0.746955770308735
0.68959720503369,1.39576636043187,0.740304907931806,1.29808708924138
