R2trkPITCH,R2idfPITCH,R2trkYAW,R2idfYAW
0.987171173236965,0.984243948938641,0.997505194161815,0.994959456370308
2.47724380470184,2.83141733295656,0.802677970129237,1.14911084802415
