R2trkPITCH,R2idfPITCH,R2trkYAW,R2idfYAW
0.995159953228538,0.991953966759444,0.999643058361238,0.999727164894082
1.3190747197085,1.7447922423029,0.399926829552823,0.347682364410754
