R2trkPITCH,R2idfPITCH,R2trkYAW,R2idfYAW
0.990002838042041,0.85203961724585,0.977325668148694,0.838150241456682
0.660871404312766,2.5355839918037,0.799457771904605,2.15427498714199
