R2trkPITCH,R2idfPITCH,R2trkYAW,R2idfYAW
0.984436508829576,0.97515388181139,0.912311550714613,0.805130592147872
0.689602145513102,0.86174089477039,0.740305888152776,1.13914103937691
