R2trkPITCH,R2idfPITCH,R2trkYAW,R2idfYAW
0.984436339676325,0.961984501634103,0.912311256866327,0.871814010668673
0.689605893005445,1.06592802705822,0.740307128552369,0.923901403713188
