R2trkPITCH,R2idfPITCH,R2trkYAW,R2idfYAW
0.98719344264523,0.97879286304111,0.997505103996247,0.993438715010586
2.47509276173015,3.2848291437305,0.80269247491749,1.31104029908465
