R2trkPITCH,R2idfPITCH,R2trkYAW,R2idfYAW
0.987178828493709,0.931842957267718,0.997505334073869,0.885965488635081
2.47650458015735,5.88887186888433,0.802655462185682,5.46563731504273
