R2trkPITCH,R2idfPITCH,R2trkYAW,R2idfYAW
0.984437114173468,0.908266915052516,0.912311768968486,0.653025374591509
0.689588734302806,1.65580822631322,0.740304966852826,1.52003784996058
