R2trkPITCH,R2idfPITCH,R2trkYAW,R2idfYAW
0.988629503544031,0.947428355009686,0.999295209575348,0.987532871942531
3.25682093367644,7.24994487291523,0.917715498220397,3.88219520025475
