R2trkPITCH,R2idfPITCH,R2trkYAW,R2idfYAW
0.982964958897936,0.115055956989333,0.931791248102593,0.381086699874117
0.776739578214456,5.55365176754123,1.12564306104198,3.48566084847462
