R2trkPITCH,R2idfPITCH,R2trkYAW,R2idfYAW
0.984436445735045,0.0680729351828361,0.91231147558743,0.338842544555332
0.689603543338307,5.27762313617792,0.740306205281681,2.09825365204172
