R2trkPITCH,R2idfPITCH,R2trkYAW,R2idfYAW
0.990002839157749,0.737995355737747,0.977325667673444,0.669883816990151
0.660871367435338,3.37411401055356,0.799457780282853,3.07665303052324
