R2trkPITCH,R2idfPITCH,R2trkYAW,R2idfYAW
0.9844364637608,0.97152371790138,0.912311407110566,0.884352240905901
0.689603143987743,0.922548146914146,0.740306494337959,0.877554371760567
