R2trkPITCH,R2idfPITCH,R2trkYAW,R2idfYAW
0.987173835142445,0.982127285751843,0.997505242105615,0.994233631295162
2.47698678466876,3.01560498356525,0.802670257381332,1.22906324755828
