R2trkPITCH,R2idfPITCH,R2trkYAW,R2idfYAW
0.988634203685907,0.977484569725898,0.999212891386114,0.692140512364118
3.25614773955829,4.74435007410044,0.901745345194113,17.9541361923098
