R2trkPITCH,R2idfPITCH,R2trkYAW,R2idfYAW
0.987172114053338,0.98540549434803,0.997505188712561,0.997077898487718
2.4771529673126,2.72505665856759,0.802678846749227,0.874924936865768
