R2trkPITCH,R2idfPITCH,R2trkYAW,R2idfYAW
0.984436711069143,0.801011232544349,0.912311480268129,0.211126740853238
0.689597664985875,2.43871781315193,0.740306185523393,2.29197152994254
