R2trkPITCH,R2idfPITCH,R2trkYAW,R2idfYAW
0.99000283825172,0.881031932264621,0.977325668297484,0.811228276142255
0.660871397382269,2.27363357725782,0.799457769281565,2.3265563810901
