R2trkPITCH,R2idfPITCH,R2trkYAW,R2idfYAW
0.984436614435677,0.928908492830451,0.91231177936795,0.733600743958452
0.689599805860763,1.45765877034555,0.740304922954258,1.33190149327503
