R2trkPITCH,R2idfPITCH,R2trkYAW,R2idfYAW
0.982964846694189,0.803837571410915,0.931791316043843,0.678233763544925
0.776742136263685,2.61474068410009,1.12564250042759,2.51327935828637
