R2trkPITCH,R2idfPITCH,R2trkYAW,R2idfYAW
0.988629484227866,0.977931918259619,0.999295209302396,0.996269153589538
3.256823700014,4.6972236016799,0.917715675927248,2.12372287184274
