R2trkPITCH,R2idfPITCH,R2trkYAW,R2idfYAW
0.988677479420403,0.928053201063232,0.999212907772559,-0.121459641747269
3.24994286972977,8.48067128047512,0.901735958638416,34.2672130949754
