R2trkPITCH,R2idfPITCH,R2trkYAW,R2idfYAW
0.984436227808108,0.904817929382184,0.912311368337963,0.500136155021759
0.689608371369847,1.68665014333726,0.74030665800581,1.82444790465199
