R2trkPITCH,R2idfPITCH,R2trkYAW,R2idfYAW
0.987184257782763,0.985949630190101,0.997504952089542,0.996410795465995
2.47598017086533,2.67373692024187,0.802716911309484,0.969664336636883
