R2trkPITCH,R2idfPITCH,R2trkYAW,R2idfYAW
0.964380816511946,0.0375362215962195,0.990152400974973,0.173022304690428
4.12856542039868,22.2448297739764,1.59453363849095,14.7824123030266
