R2trkPITCH,R2idfPITCH,R2trkYAW,R2idfYAW
0.988629534322124,0.965366523173646,0.999295209678707,0.979967702227375
3.25681652582999,5.88446457926321,0.917715430928079,4.92106997407957
