R2trkPITCH,R2idfPITCH,R2trkYAW,R2idfYAW
0.990002838133517,0.932136496497051,0.977325668748459,0.902301876316739
0.660871401289207,1.717210034017,0.799457761331272,1.67374086829296
