R2trkPITCH,R2idfPITCH,R2trkYAW,R2idfYAW
0.988634229828083,0.919098414662955,0.999212891794708,0.53234595986432
3.25614399486523,8.99321761220592,0.901745111142729,22.1284292728304
