R2trkPITCH,R2idfPITCH,R2trkYAW,R2idfYAW
0.98718156744604,0.984503092836671,0.997505039790416,0.995943011272005
2.47624004152729,2.80800811180808,0.802702803445343,1.03091866504414
