R2trkPITCH,R2idfPITCH,R2trkYAW,R2idfYAW
0.990002837097595,0.950148030143335,0.977325668564717,0.876969001079358
0.660871435529502,1.47179207002882,0.799457764570492,1.87824562339656
