R2trkPITCH,R2idfPITCH,R2trkYAW,R2idfYAW
0.990002839621651,0.847023295370612,0.977325667361354,0.691084199101068
0.660871352102004,2.57820772820755,0.799457785784743,2.97622099761777
