R2trkPITCH,R2idfPITCH,R2trkYAW,R2idfYAW
0.990002839154811,0.883283610419285,0.977325668935238,0.91443553339787
0.66087136753243,2.25201451996035,0.799457758038513,1.56636089389275
