R2trkPITCH,R2idfPITCH,R2trkYAW,R2idfYAW
0.984436465021056,0.967583158888704,0.912311629250206,0.862292428085712
0.689603116067464,0.984311247094376,0.740305556636052,0.95760053400495
