R2trkPITCH,R2idfPITCH,R2trkYAW,R2idfYAW
0.988629543732111,0.965962986638523,0.99929520974783,0.996678053345527
3.25681517818918,5.83357291722809,0.917715385925268,2.0039666206819
