R2trkPITCH,R2idfPITCH,R2trkYAW,R2idfYAW
0.988634240023748,0.916302325059998,0.999212891919915,0.988056985600883
3.25614253440276,9.14730747019702,0.901745039421149,3.53626840680676
