R2trkPITCH,R2idfPITCH,R2trkYAW,R2idfYAW
0.990002838612401,0.90789301759486,0.977325668504388,0.864956543865276
0.660871385460703,2.00055985269145,0.799457765634034,1.96780419336865
