ISEidfPITCH,ISEtrkPITCH,IAEidfPITCH,IAEtrkPITCH,IATEidfPITCH,IATEtrkPITCH,ISEidfYAW,ISEtrkYAW,IAEidfYAW,IAEtrkYAW,IATEidfYAW,IATEtrkYAW
9731.68300904553,250.425858936971,523.227025390724,55.2416958709667,1818092.75651748,256535.200865855,29325.4055652813,24.0483812857957,98.8202185731473,20.4612799561926,345127.043714748,98755.5847866375
