R2trkPITCH,R2idfPITCH,R2trkYAW,R2idfYAW
0.987170709843687,0.986295985933016,0.997505183871565,0.993107826781136
2.47728854487113,2.64061114103488,0.802679625518238,1.34369704038633
