R2trkPITCH,R2idfPITCH,R2trkYAW,R2idfYAW
0.9886295195618,0.945714026850909,0.999295209642503,0.97921286145869
3.2568186397122,7.36720453058422,0.917715454498803,5.01292852970972
