R2trkPITCH,R2idfPITCH,R2trkYAW,R2idfYAW
0.988631014560304,0.824920219664438,0.999295212547372,0.934792065694449
3.25660452830881,13.230506894859,0.917713563265511,8.87859632589278
