R2trkPITCH,R2idfPITCH,R2trkYAW,R2idfYAW
0.988574749706555,0.443877187086613,0.99617221812531,0.916984274404127
2.02729624249731,14.8173825464317,1.30909957275499,6.10632547208518
