R2trkPITCH,R2idfPITCH,R2trkYAW,R2idfYAW
0.987176650077682,0.984709364282806,0.997505088973577,0.996261982042743
2.47671495984565,2.78927173030641,0.802694891564525,0.98956320781694
