R2trkPITCH,R2idfPITCH,R2trkYAW,R2idfYAW
0.98717252895606,0.982939837622119,0.997505223877967,0.995096281607737
2.4771129067046,2.94626251953253,0.802673189682656,1.1334069847483
