R2trkPITCH,R2idfPITCH,R2trkYAW,R2idfYAW
0.987207053657839,0.980105567575897,0.997504742085234,0.991087708093046
2.47377712811414,3.18148426015233,0.802750692316581,1.52797201718978
