R2trkPITCH,R2idfPITCH,R2trkYAW,R2idfYAW
0.988629457917103,0.817697222831617,0.999295209240829,0.95362648801477
3.25682746806943,13.5006784572265,0.917715716010935,7.48736756843259
