R2trkPITCH,R2idfPITCH,R2trkYAW,R2idfYAW
0.990002838162996,0.649426769383772,0.977325668058111,0.557873606029103
0.660871400314855,3.90296492289038,0.799457773501509,3.56056020752523
