R2trkPITCH,R2idfPITCH,R2trkYAW,R2idfYAW
0.988824059738952,0.801771764065008,0.996163100045644,0.821478172712222
2.00505546021823,8.84117069840294,1.31065783477617,8.95475462391979
