R2trkPITCH,R2idfPITCH,R2trkYAW,R2idfYAW
0.988630022394352,0.963463279274501,0.999295211037045,0.989629054719551
3.25674662637289,6.04398770852506,0.917714546573909,3.54081556360312
