R2trkPITCH,R2idfPITCH,R2trkYAW,R2idfYAW
0.987180739478927,0.96261065844352,0.99750525255325,0.949533970972243
2.47632001277977,4.36163043999728,0.802668576654212,3.63598528191961
