R2trkPITCH,R2idfPITCH,R2trkYAW,R2idfYAW
0.988629518515408,0.894460473073442,0.999295209612486,0.960668390815035
3.25681878956999,10.2722715554069,0.917715474041255,6.8954881284955
