R2trkPITCH,R2idfPITCH,R2trkYAW,R2idfYAW
0.984437052820851,0.957782797680105,0.912311765215219,0.813674740405578
0.689590093563312,1.12328950130063,0.740304982696239,1.11388776292966
