R2trkPITCH,R2idfPITCH,R2trkYAW,R2idfYAW
0.987170788795566,0.985587053970611,0.997505147492255,0.996576615267557
2.47728092220134,2.7080526051449,0.802685477818213,0.947002485636262
