R2trkPITCH,R2idfPITCH,R2trkYAW,R2idfYAW
0.988629472700599,0.671882525407313,0.999295209167765,0.858095765363747
3.25682535087439,18.1123009512321,0.917715763579733,13.0976034499512
