R2trkPITCH,R2idfPITCH,R2trkYAW,R2idfYAW
0.990002838536154,0.790068689214957,0.977325668800101,0.898709999294649
0.660871387980867,3.02025683057098,0.799457760420875,1.70423074526702
