R2trkPITCH,R2idfPITCH,R2trkYAW,R2idfYAW
0.988629407241091,0.9564614091075,0.999295208712398,0.989447598115465
3.25683472554414,6.5977548234475,0.917716060048413,3.57165764704139
