R2trkPITCH,R2idfPITCH,R2trkYAW,R2idfYAW
0.990002838812183,0.886787599842191,0.977325669084354,0.939436902529364
0.660871378857301,2.21795268106666,0.799457755409726,1.31779892612966
