var1,var2,var3,var4
0,-0.69513936143982,1,-1
0.100502512562814,-0.695139363849438,1,-1
0.201005025125628,-0.695139710944651,1,-1
0.301507537688442,-0.695140324867185,1,-1
0.402010050251256,-0.695127041790718,1,-1
0.50251256281407,-0.695115847102365,1,-1
0.603015075376884,-0.695108973556855,1,-1
0.703517587939699,-0.695109874342472,1,-1
0.804020100502513,-0.695124442891877,1,-1
0.904522613065327,-0.695139909815512,1,-1
