R2trkPITCH,R2idfPITCH,R2trkYAW,R2idfYAW
0.984436392551425,0.555203032270326,0.912311406365851,0.70613462007822
0.689604721590419,3.64610046924289,0.74030649748157,1.39887744903957
