R2trkPITCH,R2idfPITCH,R2trkYAW,R2idfYAW
0.990002838787583,0.936285553789558,0.977325668320322,0.831166091132037
0.660871379670408,1.66388857192009,0.799457768878958,2.20026478826718
