R2trkPITCH,R2idfPITCH,R2trkYAW,R2idfYAW
0.984437482955929,0.898898409867191,0.912311702735596,0.588748914764731
0.689580563911408,1.73830509854699,0.740305246437255,1.65485126651081
