R2trkPITCH,R2idfPITCH,R2trkYAW,R2idfYAW
0.988836135016275,0.891348078677498,0.996163239807215,0.939002900182324
2.00397196551083,6.54542203992243,1.31063396377766,5.2343551938143
