R2trkPITCH,R2idfPITCH,R2trkYAW,R2idfYAW
0.984437424709995,0.901797513563287,0.912311713736278,0.615676642779799
0.689581854359053,1.71320085974114,0.740305200000826,1.59975635575562
