var1,var2,var3,var4
0,-1,1,-0.946238333622701
0.100502512562814,-1,1,-0.94623833681124
0.201005025125628,-1,1,-0.946238733699158
0.301507537688442,-1,1,-0.946239266806806
0.402010050251256,-1,1,-0.946243961161108
0.50251256281407,-1,1,-0.946247101190161
0.603015075376884,-1,1,-0.946257171205799
0.703517587939699,-1,1,-0.94625937987258
0.804020100502513,-1,1,-0.9462550575742
0.904522613065327,-1,1,-0.946251760237698
