R2trkPITCH,R2idfPITCH,R2trkYAW,R2idfYAW
0.987939178364469,0.739246756106572,0.960826872661281,0.597515465391992
0.713841518897016,3.46560128949851,0.65643308929845,2.10989897462266
