R2trkPITCH,R2idfPITCH,R2trkYAW,R2idfYAW
0.987253406621551,0.965808122758574,0.997507513595077,0.996601857758571
2.46929141560662,4.17050996515312,0.802304756535445,0.943491238271665
