R2trkPITCH,R2idfPITCH,R2trkYAW,R2idfYAW
0.988763704324636,0.977285600416503,0.999213089733389,0.991306394416937
3.23754450152522,4.76467080055479,0.90163172046793,3.01704526263601
