R2trkPITCH,R2idfPITCH,R2trkYAW,R2idfYAW
0.988636586926231,0.979464530202656,0.9992128951225,0.993780222690867
3.25580633851511,4.53093576532314,0.901743204909401,2.55196989011306
