R2trkPITCH,R2idfPITCH,R2trkYAW,R2idfYAW
0.988629491213995,0.97612055299183,0.999295209386341,0.989766135213267
3.25682269950554,4.88619784545153,0.917715621274628,3.51733712671265
