R2trkPITCH,R2idfPITCH,R2trkYAW,R2idfYAW
0.984437518597498,0.892308359696059,0.912311668732482,0.557376019317741
0.68957977426579,1.7940645769414,0.740305389972266,1.71681262271947
