R2trkPITCH,R2idfPITCH,R2trkYAW,R2idfYAW
0.988629671058233,0.975995277911197,0.999295209927478,0.993196491805937
3.25679694326538,4.89899716923077,0.917715268964254,2.86787756644831
