R2trkPITCH,R2idfPITCH,R2trkYAW,R2idfYAW
0.982964843362676,0.858283864043889,0.93179131419627,0.42353251196441
0.776742212216217,2.22244185932794,1.12564251567277,3.36401518399042
