R2trkPITCH,R2idfPITCH,R2trkYAW,R2idfYAW
0.9127453900784,-9.17540549818797,0.973679098560219,-1.44445579119075
9.02647344949237,102.71356937485,5.21275322805396,51.8261168065526
