R2trkPITCH,R2idfPITCH,R2trkYAW,R2idfYAW
0.984437268401507,0.875436729704037,0.912311660696281,0.473460047617568
0.6895853173857,1.92948789884264,0.740305423894923,1.87249654681494
