R2trkPITCH,R2idfPITCH,R2trkYAW,R2idfYAW
0.987258086632804,0.984742355578362,0.997503827776641,0.992145183766947
2.46883806418127,2.78602221700365,0.802897750187718,1.43444912286024
