R2trkPITCH,R2idfPITCH,R2trkYAW,R2idfYAW
0.990002839255281,0.897854884984917,0.977325667792233,0.692693089548836
0.660871364211624,2.10675516472835,0.799457778188708,2.96846050990108
