R2trkPITCH,R2idfPITCH,R2trkYAW,R2idfYAW
0.988629508970519,0.972172709824397,0.999295209561319,0.980342604608305
3.25682015652905,5.27465884370865,0.91771550735388,4.87480384032925
