R2trkPITCH,R2idfPITCH,R2trkYAW,R2idfYAW
0.990002838478449,0.581630811919026,0.977325667882419,0.798958229925547
0.660871389888183,4.26368501311114,0.799457776598807,2.40097845152602
