R2trkPITCH,R2idfPITCH,R2trkYAW,R2idfYAW
0.987170245700779,0.984488124127435,0.997505184498106,0.995995469505375
2.47733335660646,2.80939670637116,0.802679524726962,1.02423379069598
