R2trkPITCH,R2idfPITCH,R2trkYAW,R2idfYAW
0.964353910333979,0.132853734613776,0.990158450585903,0.0339453938086988
4.13012445313365,21.1146202937755,1.59404378355036,15.9772190174236
