R2trkPITCH,R2idfPITCH,R2trkYAW,R2idfYAW
0.995100764327198,0.99068986191656,0.99964282083055,0.999499083914025
1.32711568936777,1.87690645730017,0.400059875247343,0.471098527886463
