R2trkPITCH,R2idfPITCH,R2trkYAW,R2idfYAW
0.98719960577018,0.985045934662195,0.997504737965991,0.996243875412055
2.47449712383745,2.75833754553572,0.802751354918175,0.99195332066623
