R2trkPITCH,R2idfPITCH,R2trkYAW,R2idfYAW
0.988634200973104,0.95782594761248,0.999212891455571,0.0342937036734677
3.25614812814904,6.49320728715513,0.901745305407272,31.7988033051018
